{"0": {"AverageRetweets": 0.041666666666666664, "AveragePolarity": 0.05560850694444444, "NumbersOfTweets": 48, "Region": "Ile-de-France"}, "1": {"AverageRetweets": 0.18666666666666668, "AveragePolarity": 0.11962388888888889, "NumbersOfTweets": 75, "Region": "Auvergne-Rhone-Alpes"}, "2": {"AverageRetweets": 0.5, "AveragePolarity": 0.0851221264367816, "NumbersOfTweets": 58, "Region": "Bourgogne-Franche-Comte"}, "3": {"AverageRetweets": 0.0875, "AveragePolarity": 0.09786458333333334, "NumbersOfTweets": 80, "Region": "Bretagne"}, "4": {"AverageRetweets": 0.2318840579710145, "AveragePolarity": 0.030579710144927535, "NumbersOfTweets": 69, "Region": "Centre-Val_de_Loire"}, "5": {"AverageRetweets": 0.32, "AveragePolarity": 0.05936250000000001, "NumbersOfTweets": 75, "Region": "Corse"}, "6": {"AverageRetweets": 0.574468085106383, "AveragePolarity": 0.18776595744680855, "NumbersOfTweets": 47, "Region": "Grand_Est"}, "7": {"AverageRetweets": 0.4909090909090909, "AveragePolarity": 0.061224431818181824, "NumbersOfTweets": 55, "Region": "Hauts-de-France"}, "8": {"AverageRetweets": 0.48214285714285715, "AveragePolarity": 0.09360119047619049, "NumbersOfTweets": 56, "Region": "Normandie"}, "9": {"AverageRetweets": 0.13, "AveragePolarity": 0.09417291666666666, "NumbersOfTweets": 100, "Region": "Nouvelle-Aquitaine"}, "10": {"AverageRetweets": 0.16417910447761194, "AveragePolarity": 0.1092226368159204, "NumbersOfTweets": 67, "Region": "Occitanie"}, "11": {"AverageRetweets": 0.1, "AveragePolarity": 0.029333333333333333, "NumbersOfTweets": 100, "Region": "Pays_de_la_Loire"}, "12": {"AverageRetweets": 0.15873015873015872, "AveragePolarity": 0.1316848544973545, "NumbersOfTweets": 63, "Region": "Provence-Alpes-Cote_dAzur"}, "13": {"AverageRetweets": 0.09523809523809523, "AveragePolarity": -0.05833333333333333, "NumbersOfTweets": 21, "Region": "La_Reunion"}, "14": {"AverageRetweets": 0.12727272727272726, "AveragePolarity": -0.007104924242424237, "NumbersOfTweets": 55, "Region": "Martinique"}, "15": {"AverageRetweets": 0.036585365853658534, "AveragePolarity": 0.06974593495934961, "NumbersOfTweets": 82, "Region": "Guyane"}, "16": {"AverageRetweets": 0.1780821917808219, "AveragePolarity": 0.036175085616438354, "NumbersOfTweets": 73, "Region": "Guadeloupe"}, "17": {"AverageRetweets": 0.37142857142857144, "AveragePolarity": 0.035994177827380965, "NumbersOfTweets": 70, "Region": "Mayotte"}}